[
    {
        "videourl":"https://shotstack-api-stage-output.s3-ap-southeast-2.amazonaws.com/c0ru1ymfya/a3d0e1f9-4965-46c4-ac32-c966175c4777.mp4",
        "video details":{
            "video name":"SUDARSHAN & CO",
            "location":"MUMBAI",
            "workers":"2000"
        }
    },

    {
        "videourl":"https://shotstack-api-stage-output.s3-ap-southeast-2.amazonaws.com/c0ru1ymfya/a3d0e1f9-4965-46c4-ac32-c966175c4777.mp4",
        "video details":{
            "video name":"HARSHA FASHIONTECH",
            "location":"TRICHY",
            "workers":"2000"
        }
    },

    {
        "videourl":"https://shotstack-api-stage-output.s3-ap-southeast-2.amazonaws.com/c0ru1ymfya/a3d0e1f9-4965-46c4-ac32-c966175c4777.mp4",
        "video details":{
            "video name":"SAMBU & CO",
            "location":"KIZHPAKKKAM",
            "workers":"2000"
        }
    },
    {
        "videourl":"https://shotstack-api-stage-output.s3-ap-southeast-2.amazonaws.com/c0ru1ymfya/a3d0e1f9-4965-46c4-ac32-c966175c4777.mp4",
        "video details":{
            "video name":"VICKY",
            "location":"DELHI",
            "workers":"2000"
        }
    },
    {
        "videourl":"https://shotstack-api-stage-output.s3-ap-southeast-2.amazonaws.com/c0ru1ymfya/a3d0e1f9-4965-46c4-ac32-c966175c4777.mp4",
        "video details":{
            "video name":"VEERU & CO",
            "location":"KOLKATA",
            "workers":"2000"
        }
    },

    {
        "videourl":"https://shotstack-api-stage-output.s3-ap-southeast-2.amazonaws.com/c0ru1ymfya/a3d0e1f9-4965-46c4-ac32-c966175c4777.mp4",
        "video details":{
            "video name":"SANJAI GARMENTS",
            "location":"CHENNAI",
            "workers":"2000"
        
        }
    }
]